path	US10_size
animtest.romlist.zlb	64
arwing.romlist.zlb	512
arwingcity.romlist.zlb	4864
arwingcloud.romlist.zlb	4512
arwingdarkice.romlist.zlb	7136
arwingdragon.romlist.zlb	6208
arwingtoplanet.romlist.zlb	8160
audio/starfox.h.bak	31359
bossdrakorflatr.romlist.zlb	64
capeclaw.romlist.zlb	24608
card/memcardicon0.img	1024
card/memcardicon0.pal	512
card/memcardicon1.img	1024
card/memcardicon2.img	1024
card/memcardicon3.img	1024
ccbridge.romlist.zlb	64
ccshrine.romlist.zlb	416
cfcolumn.romlist.zlb	64
cfdungeonblock.romlist.zlb	64
cfgalleon.romlist.zlb	96
cfgangplank.romlist.zlb	64
cfledge.romlist.zlb	55
cfliftplat.romlist.zlb	64
cfprisoncage.romlist.zlb	64
cfprisondoor.romlist.zlb	64
clouddungeon.romlist.zlb	4640
cloudjoin.romlist.zlb	192
cloudrace.romlist.zlb	4512
cloudrunnermap.romlist.zlb	64
cloudtrap.romlist.zlb	64
cloudtreasure.romlist.zlb	64
dbshrine.romlist.zlb	3008
dbstepstone.romlist.zlb	64
dfcavehatch1.romlist.zlb	64
dfcavehatch2.romlist.zlb	64
dfcradle.romlist.zlb	64
dfpodium.romlist.zlb	96
dfptop.romlist.zlb	8928
dfshrine.romlist.zlb	2304
diamondbay.romlist.zlb	64
dim2iceblock1.romlist.zlb	64
dim2iceblock2.romlist.zlb	64
dim2icefloe.romlist.zlb	64
dim2icefloe1.romlist.zlb	64
dim2icefloe2.romlist.zlb	64
dim2lift.romlist.zlb	64
dim2stonepillar.romlist.zlb	64
dimbossgut.romlist.zlb	64
dimcannon.romlist.zlb	55
dimcannonbase.romlist.zlb	55
dimhornplinth.romlist.zlb	96
dimpushblock.romlist.zlb	64
discovery.romlist.zlb	64
dragbot.romlist.zlb	3136
dragrock.romlist.zlb	18816
drhighplat.romlist.zlb	55
drliftplat.romlist.zlb	192
drpushcart.romlist.zlb	64
duster.romlist.zlb	64
earthwalker.romlist.zlb	64
ecshrine.romlist.zlb	2304
finalboss.romlist.zlb	17152
fortress.romlist.zlb	24192
frontend.romlist.zlb	736
frontend2.romlist.zlb	64
galleonship.romlist.zlb	960
gamefront.romlist.zlb	1056
gametext/CloudDungeon/English.bin	76152
gametext/CloudDungeon/French.bin	76152
gametext/CloudDungeon/German.bin	76152
gametext/CloudDungeon/Italian.bin	76152
gametext/CloudDungeon/Japanese.bin	76152
gametext/CloudDungeon/Spanish.bin	76152
gametext/GameMaze/English.bin	90184
gametext/GameMaze/French.bin	90184
gametext/GameMaze/German.bin	90184
gametext/GameMaze/Italian.bin	90184
gametext/GameMaze/Japanese.bin	90184
gametext/GameMaze/Spanish.bin	90184
gametext/Link/English.bin	32964
gametext/Link/French.bin	32964
gametext/Link/German.bin	32964
gametext/Link/Italian.bin	32964
gametext/Link/Japanese.bin	32964
gametext/Link/Spanish.bin	32964
gametext/LinkC/English.bin	71028
gametext/LinkC/French.bin	71028
gametext/LinkC/German.bin	71028
gametext/LinkC/Italian.bin	71028
gametext/LinkC/Japanese.bin	71028
gametext/LinkC/Spanish.bin	71028
gametext/LinkD/English.bin	70556
gametext/LinkD/French.bin	70556
gametext/LinkD/German.bin	70556
gametext/LinkD/Italian.bin	70556
gametext/LinkD/Japanese.bin	70556
gametext/LinkD/Spanish.bin	70556
gametext/LinkE/English.bin	70680
gametext/LinkE/French.bin	70680
gametext/LinkE/German.bin	70680
gametext/LinkE/Italian.bin	70680
gametext/LinkE/Japanese.bin	70680
gametext/LinkE/Spanish.bin	70680
gametext/LinkF/English.bin	75136
gametext/LinkF/French.bin	75136
gametext/LinkF/German.bin	75136
gametext/LinkF/Italian.bin	75136
gametext/LinkF/Japanese.bin	75136
gametext/LinkF/Spanish.bin	75136
gametext/LinkH/English.bin	70772
gametext/LinkH/French.bin	70772
gametext/LinkH/German.bin	70772
gametext/LinkH/Italian.bin	70772
gametext/LinkH/Japanese.bin	70772
gametext/LinkH/Spanish.bin	70772
gametext/LinkJ/English.bin	70644
gametext/LinkJ/French.bin	70644
gametext/LinkJ/German.bin	70644
gametext/LinkJ/Italian.bin	70644
gametext/LinkJ/Japanese.bin	70644
gametext/LinkJ/Spanish.bin	70644
gametext/Sequences/1014_German.bin	852
gametext/Sequences/1014_Italian.bin	1176
gametext/Sequences/1014_Spanish.bin	1016
gametext/Sequences/10261_German.bin	1552
gametext/Sequences/10261_Italian.bin	828
gametext/Sequences/10261_Spanish.bin	1348
gametext/Sequences/1068_German.bin	996
gametext/Sequences/1068_Italian.bin	772
gametext/Sequences/1068_Spanish.bin	932
gametext/Sequences/1075_German.bin	1080
gametext/Sequences/1075_Italian.bin	1240
gametext/Sequences/1075_Spanish.bin	1016
gametext/Sequences/1142_French.bin	2068
gametext/Sequences/1142_German.bin	2116
gametext/Sequences/1142_Italian.bin	1836
gametext/Sequences/1142_Spanish.bin	1904
gametext/Sequences/115_German.bin	3092
gametext/Sequences/115_Italian.bin	1812
gametext/Sequences/115_Spanish.bin	1596
gametext/Sequences/11_English.bin	3292
gametext/Sequences/11_French.bin	3264
gametext/Sequences/11_German.bin	3240
gametext/Sequences/11_Italian.bin	3460
gametext/Sequences/11_Japanese.bin	17476
gametext/Sequences/11_Spanish.bin	4232
gametext/Sequences/1201_French.bin	6224
gametext/Sequences/1201_German.bin	9288
gametext/Sequences/1201_Italian.bin	4016
gametext/Sequences/1201_Japanese.bin	13084
gametext/Sequences/1201_Spanish.bin	4360
gametext/Sequences/12_English.bin	2368
gametext/Sequences/12_French.bin	2632
gametext/Sequences/12_German.bin	2848
gametext/Sequences/12_Italian.bin	2424
gametext/Sequences/12_Japanese.bin	13052
gametext/Sequences/12_Spanish.bin	2428
gametext/Sequences/146_German.bin	12532
gametext/Sequences/146_Italian.bin	7988
gametext/Sequences/146_Spanish.bin	12472
gametext/Sequences/14_German.bin	13580
gametext/Sequences/14_Italian.bin	13364
gametext/Sequences/14_Spanish.bin	13404
gametext/Sequences/166_English.bin	5252
gametext/Sequences/166_French.bin	12200
gametext/Sequences/166_German.bin	12108
gametext/Sequences/166_Italian.bin	7216
gametext/Sequences/166_Japanese.bin	25088
gametext/Sequences/166_Spanish.bin	7548
gametext/Sequences/167_English.bin	3512
gametext/Sequences/167_French.bin	5128
gametext/Sequences/167_German.bin	5804
gametext/Sequences/167_Italian.bin	3496
gametext/Sequences/167_Japanese.bin	13196
gametext/Sequences/167_Spanish.bin	3880
gametext/Sequences/16_English.bin	6804
gametext/Sequences/16_French.bin	7356
gametext/Sequences/16_German.bin	11724
gametext/Sequences/16_Italian.bin	5952
gametext/Sequences/16_Japanese.bin	20316
gametext/Sequences/16_Spanish.bin	7112
gametext/Sequences/170_English.bin	1752
gametext/Sequences/170_French.bin	1940
gametext/Sequences/170_German.bin	1684
gametext/Sequences/170_Italian.bin	1204
gametext/Sequences/170_Japanese.bin	4480
gametext/Sequences/170_Spanish.bin	1544
gametext/Sequences/171_English.bin	3832
gametext/Sequences/171_French.bin	6316
gametext/Sequences/171_German.bin	4556
gametext/Sequences/171_Italian.bin	4584
gametext/Sequences/171_Japanese.bin	20224
gametext/Sequences/171_Spanish.bin	6508
gametext/Sequences/173_English.bin	3032
gametext/Sequences/173_French.bin	4776
gametext/Sequences/173_German.bin	5648
gametext/Sequences/173_Italian.bin	3228
gametext/Sequences/173_Japanese.bin	19972
gametext/Sequences/173_Spanish.bin	4512
gametext/Sequences/174_English.bin	2396
gametext/Sequences/174_French.bin	2440
gametext/Sequences/174_German.bin	2532
gametext/Sequences/174_Italian.bin	2292
gametext/Sequences/174_Japanese.bin	6372
gametext/Sequences/174_Spanish.bin	2464
gametext/Sequences/175_English.bin	2648
gametext/Sequences/175_French.bin	4152
gametext/Sequences/175_German.bin	2900
gametext/Sequences/175_Italian.bin	2512
gametext/Sequences/175_Japanese.bin	13092
gametext/Sequences/175_Spanish.bin	2572
gametext/Sequences/177_English.bin	1860
gametext/Sequences/177_French.bin	2928
gametext/Sequences/177_German.bin	1860
gametext/Sequences/177_Italian.bin	1476
gametext/Sequences/177_Japanese.bin	5344
gametext/Sequences/177_Spanish.bin	2552
gametext/Sequences/178_English.bin	1560
gametext/Sequences/178_French.bin	1740
gametext/Sequences/178_German.bin	2180
gametext/Sequences/178_Italian.bin	1708
gametext/Sequences/178_Japanese.bin	4484
gametext/Sequences/178_Spanish.bin	1924
gametext/Sequences/179_English.bin	2560
gametext/Sequences/179_French.bin	3540
gametext/Sequences/179_German.bin	4292
gametext/Sequences/179_Italian.bin	2084
gametext/Sequences/179_Japanese.bin	6876
gametext/Sequences/179_Spanish.bin	3856
gametext/Sequences/17_English.bin	4300
gametext/Sequences/17_French.bin	4304
gametext/Sequences/17_German.bin	4332
gametext/Sequences/17_Italian.bin	4032
gametext/Sequences/17_Japanese.bin	19996
gametext/Sequences/17_Spanish.bin	5296
gametext/Sequences/184_German.bin	4352
gametext/Sequences/184_Italian.bin	3380
gametext/Sequences/184_Spanish.bin	3388
gametext/Sequences/185_English.bin	6052
gametext/Sequences/185_French.bin	7384
gametext/Sequences/185_German.bin	7608
gametext/Sequences/185_Italian.bin	6476
gametext/Sequences/185_Japanese.bin	25872
gametext/Sequences/185_Spanish.bin	7484
gametext/Sequences/19_English.bin	3060
gametext/Sequences/19_French.bin	3380
gametext/Sequences/19_German.bin	4220
gametext/Sequences/19_Italian.bin	3416
gametext/Sequences/19_Japanese.bin	13188
gametext/Sequences/19_Spanish.bin	3848
gametext/Sequences/20001_English.bin	2344
gametext/Sequences/20001_French.bin	2780
gametext/Sequences/20001_German.bin	2392
gametext/Sequences/20001_Italian.bin	2224
gametext/Sequences/20001_Japanese.bin	12852
gametext/Sequences/20001_Spanish.bin	2352
gametext/Sequences/20002_English.bin	2136
gametext/Sequences/20002_French.bin	2940
gametext/Sequences/20002_German.bin	2176
gametext/Sequences/20002_Italian.bin	1632
gametext/Sequences/20002_Japanese.bin	3872
gametext/Sequences/20002_Spanish.bin	2692
gametext/Sequences/20003_English.bin	1700
gametext/Sequences/20003_French.bin	1704
gametext/Sequences/20003_German.bin	1852
gametext/Sequences/20003_Italian.bin	1788
gametext/Sequences/20003_Japanese.bin	4176
gametext/Sequences/20003_Spanish.bin	1784
gametext/Sequences/20004_English.bin	2420
gametext/Sequences/20004_French.bin	2936
gametext/Sequences/20004_German.bin	2576
gametext/Sequences/20004_Italian.bin	2100
gametext/Sequences/20004_Japanese.bin	6072
gametext/Sequences/20004_Spanish.bin	3024
gametext/Sequences/20005_English.bin	812
gametext/Sequences/20005_French.bin	880
gametext/Sequences/20005_German.bin	972
gametext/Sequences/20005_Italian.bin	896
gametext/Sequences/20005_Japanese.bin	1668
gametext/Sequences/20005_Spanish.bin	1056
gametext/Sequences/20006_English.bin	3636
gametext/Sequences/20006_French.bin	5312
gametext/Sequences/20006_German.bin	4460
gametext/Sequences/20006_Italian.bin	3484
gametext/Sequences/20006_Japanese.bin	19720
gametext/Sequences/20006_Spanish.bin	3472
gametext/Sequences/20007_English.bin	2060
gametext/Sequences/20007_French.bin	2144
gametext/Sequences/20007_German.bin	2236
gametext/Sequences/20007_Italian.bin	2000
gametext/Sequences/20007_Japanese.bin	6460
gametext/Sequences/20007_Spanish.bin	2000
gametext/Sequences/20008_English.bin	2032
gametext/Sequences/20008_French.bin	1904
gametext/Sequences/20008_German.bin	1884
gametext/Sequences/20008_Italian.bin	1824
gametext/Sequences/20008_Japanese.bin	5828
gametext/Sequences/20008_Spanish.bin	2120
gametext/Sequences/20009_English.bin	1808
gametext/Sequences/20009_French.bin	1948
gametext/Sequences/20009_German.bin	3248
gametext/Sequences/20009_Italian.bin	1808
gametext/Sequences/20009_Japanese.bin	6040
gametext/Sequences/20009_Spanish.bin	2044
gametext/Sequences/20010_English.bin	3436
gametext/Sequences/20010_French.bin	5288
gametext/Sequences/20010_German.bin	3920
gametext/Sequences/20010_Italian.bin	3464
gametext/Sequences/20010_Japanese.bin	13312
gametext/Sequences/20010_Spanish.bin	3544
gametext/Sequences/20011_English.bin	5680
gametext/Sequences/20011_French.bin	5224
gametext/Sequences/20011_German.bin	6744
gametext/Sequences/20011_Italian.bin	4732
gametext/Sequences/20011_Japanese.bin	13252
gametext/Sequences/20011_Spanish.bin	5372
gametext/Sequences/20012_English.bin	2168
gametext/Sequences/20012_French.bin	2260
gametext/Sequences/20012_German.bin	2616
gametext/Sequences/20012_Italian.bin	1852
gametext/Sequences/20012_Japanese.bin	5680
gametext/Sequences/20012_Spanish.bin	2400
gametext/Sequences/20013_English.bin	3452
gametext/Sequences/20013_French.bin	5240
gametext/Sequences/20013_German.bin	5744
gametext/Sequences/20013_Italian.bin	3472
gametext/Sequences/20013_Japanese.bin	19412
gametext/Sequences/20013_Spanish.bin	4748
gametext/Sequences/20014_English.bin	5820
gametext/Sequences/20014_French.bin	5916
gametext/Sequences/20014_German.bin	6504
gametext/Sequences/20014_Italian.bin	6164
gametext/Sequences/20014_Japanese.bin	18132
gametext/Sequences/20014_Spanish.bin	5852
gametext/Sequences/20015_English.bin	2368
gametext/Sequences/20015_French.bin	2828
gametext/Sequences/20015_German.bin	3136
gametext/Sequences/20015_Italian.bin	2256
gametext/Sequences/20015_Japanese.bin	3028
gametext/Sequences/20015_Spanish.bin	2352
gametext/Sequences/20016_English.bin	4252
gametext/Sequences/20016_French.bin	4596
gametext/Sequences/20016_German.bin	4296
gametext/Sequences/20016_Italian.bin	3256
gametext/Sequences/20016_Japanese.bin	5784
gametext/Sequences/20016_Spanish.bin	4248
gametext/Sequences/20017_English.bin	3588
gametext/Sequences/20017_French.bin	4156
gametext/Sequences/20017_German.bin	3512
gametext/Sequences/20017_Italian.bin	3840
gametext/Sequences/20017_Japanese.bin	5232
gametext/Sequences/20017_Spanish.bin	3940
gametext/Sequences/20018_English.bin	2016
gametext/Sequences/20018_French.bin	2232
gametext/Sequences/20018_German.bin	2036
gametext/Sequences/20018_Italian.bin	1796
gametext/Sequences/20018_Japanese.bin	2320
gametext/Sequences/20018_Spanish.bin	2136
gametext/Sequences/20020_English.bin	3592
gametext/Sequences/20020_French.bin	5208
gametext/Sequences/20020_German.bin	5408
gametext/Sequences/20020_Italian.bin	4352
gametext/Sequences/20020_Japanese.bin	13412
gametext/Sequences/20020_Spanish.bin	3744
gametext/Sequences/20021_English.bin	2892
gametext/Sequences/20021_French.bin	4120
gametext/Sequences/20021_German.bin	3244
gametext/Sequences/20021_Italian.bin	3864
gametext/Sequences/20021_Japanese.bin	12700
gametext/Sequences/20021_Spanish.bin	2908
gametext/Sequences/20022_English.bin	3540
gametext/Sequences/20022_French.bin	3108
gametext/Sequences/20022_German.bin	3492
gametext/Sequences/20022_Italian.bin	3128
gametext/Sequences/20022_Japanese.bin	13128
gametext/Sequences/20022_Spanish.bin	3592
gametext/Sequences/20023_English.bin	4916
gametext/Sequences/20023_French.bin	5528
gametext/Sequences/20023_German.bin	5208
gametext/Sequences/20023_Italian.bin	7204
gametext/Sequences/20023_Japanese.bin	24780
gametext/Sequences/20023_Spanish.bin	7244
gametext/Sequences/20024_English.bin	2184
gametext/Sequences/20024_French.bin	3520
gametext/Sequences/20024_German.bin	2336
gametext/Sequences/20024_Italian.bin	2960
gametext/Sequences/20024_Japanese.bin	5196
gametext/Sequences/20024_Spanish.bin	2664
gametext/Sequences/20029_German.bin	2164
gametext/Sequences/20029_Italian.bin	2456
gametext/Sequences/20029_Spanish.bin	1932
gametext/Sequences/20032_German.bin	3868
gametext/Sequences/20032_Italian.bin	2860
gametext/Sequences/20032_Spanish.bin	3916
gametext/Sequences/20033_English.bin	3000
gametext/Sequences/20033_French.bin	4680
gametext/Sequences/20033_German.bin	3464
gametext/Sequences/20033_Italian.bin	3048
gametext/Sequences/20033_Japanese.bin	13052
gametext/Sequences/20033_Spanish.bin	3768
gametext/Sequences/20034_English.bin	3084
gametext/Sequences/20034_French.bin	2712
gametext/Sequences/20034_German.bin	3308
gametext/Sequences/20034_Italian.bin	2884
gametext/Sequences/20034_Japanese.bin	13012
gametext/Sequences/20034_Spanish.bin	2836
gametext/Sequences/20035_English.bin	1320
gametext/Sequences/20035_French.bin	1008
gametext/Sequences/20035_German.bin	1236
gametext/Sequences/20035_Italian.bin	1328
gametext/Sequences/20035_Japanese.bin	4292
gametext/Sequences/20035_Spanish.bin	1544
gametext/Sequences/20036_English.bin	2916
gametext/Sequences/20036_French.bin	2716
gametext/Sequences/20036_German.bin	3004
gametext/Sequences/20036_Italian.bin	3064
gametext/Sequences/20036_Japanese.bin	5992
gametext/Sequences/20036_Spanish.bin	4732
gametext/Sequences/20037_English.bin	1152
gametext/Sequences/20037_Japanese.bin	2408
gametext/Sequences/20038_English.bin	1968
gametext/Sequences/20038_Japanese.bin	4584
gametext/Sequences/20100_German.bin	6384
gametext/Sequences/20100_Italian.bin	4772
gametext/Sequences/20100_Spanish.bin	5516
gametext/Sequences/20105_German.bin	3532
gametext/Sequences/20105_Italian.bin	3012
gametext/Sequences/20105_Spanish.bin	3200
gametext/Sequences/20107_German.bin	12148
gametext/Sequences/20107_Italian.bin	5064
gametext/Sequences/20107_Spanish.bin	7856
gametext/Sequences/20108_German.bin	3396
gametext/Sequences/20108_Italian.bin	3120
gametext/Sequences/20108_Spanish.bin	2960
gametext/Sequences/20139_German.bin	6068
gametext/Sequences/20139_Italian.bin	4208
gametext/Sequences/20139_Spanish.bin	5912
gametext/Sequences/20140_English.bin	1840
gametext/Sequences/20140_French.bin	1908
gametext/Sequences/20140_German.bin	2232
gametext/Sequences/20140_Italian.bin	1920
gametext/Sequences/20140_Japanese.bin	3760
gametext/Sequences/20140_Spanish.bin	1844
gametext/Sequences/20150_English.bin	4840
gametext/Sequences/20150_French.bin	6956
gametext/Sequences/20150_German.bin	7640
gametext/Sequences/20150_Italian.bin	4608
gametext/Sequences/20150_Japanese.bin	25296
gametext/Sequences/20150_Spanish.bin	6944
gametext/Sequences/20201_French.bin	1932
gametext/Sequences/20201_German.bin	1204
gametext/Sequences/20201_Italian.bin	1220
gametext/Sequences/20201_Japanese.bin	2820
gametext/Sequences/20201_Spanish.bin	1396
gametext/Sequences/20202_French.bin	1792
gametext/Sequences/20202_German.bin	2668
gametext/Sequences/20202_Italian.bin	1768
gametext/Sequences/20202_Japanese.bin	4068
gametext/Sequences/20202_Spanish.bin	1860
gametext/Sequences/20203_French.bin	6436
gametext/Sequences/20203_German.bin	7392
gametext/Sequences/20203_Italian.bin	4388
gametext/Sequences/20203_Japanese.bin	20436
gametext/Sequences/20203_Spanish.bin	5760
gametext/Sequences/20210_German.bin	7572
gametext/Sequences/20210_Italian.bin	5008
gametext/Sequences/20210_Spanish.bin	4868
gametext/Sequences/20213_German.bin	12224
gametext/Sequences/20213_Italian.bin	7900
gametext/Sequences/20213_Spanish.bin	8008
gametext/Sequences/20234_German.bin	7148
gametext/Sequences/20234_Italian.bin	6408
gametext/Sequences/20234_Spanish.bin	7292
gametext/Sequences/20277_French.bin	2364
gametext/Sequences/20277_German.bin	1648
gametext/Sequences/20277_Italian.bin	1700
gametext/Sequences/20277_Japanese.bin	3348
gametext/Sequences/20277_Spanish.bin	1740
gametext/Sequences/20280_French.bin	2080
gametext/Sequences/20280_German.bin	2168
gametext/Sequences/20280_Italian.bin	1912
gametext/Sequences/20280_Japanese.bin	5336
gametext/Sequences/20280_Spanish.bin	2792
gametext/Sequences/20286_German.bin	12828
gametext/Sequences/20286_Italian.bin	8180
gametext/Sequences/20286_Spanish.bin	10680
gametext/Sequences/202_English.bin	4948
gametext/Sequences/202_French.bin	11992
gametext/Sequences/202_German.bin	5812
gametext/Sequences/202_Italian.bin	5840
gametext/Sequences/202_Japanese.bin	24748
gametext/Sequences/202_Spanish.bin	11928
gametext/Sequences/203_English.bin	3860
gametext/Sequences/203_French.bin	4232
gametext/Sequences/203_German.bin	4372
gametext/Sequences/203_Italian.bin	3520
gametext/Sequences/203_Japanese.bin	19924
gametext/Sequences/203_Spanish.bin	6164
gametext/Sequences/20506_German.bin	14780
gametext/Sequences/20506_Italian.bin	8140
gametext/Sequences/20506_Spanish.bin	14732
gametext/Sequences/20508_German.bin	12336
gametext/Sequences/20508_Italian.bin	8004
gametext/Sequences/20508_Spanish.bin	12132
gametext/Sequences/20600_English.bin	5956
gametext/Sequences/20600_French.bin	6700
gametext/Sequences/20600_German.bin	6356
gametext/Sequences/20600_Italian.bin	5016
gametext/Sequences/20600_Japanese.bin	19836
gametext/Sequences/20600_Spanish.bin	5464
gametext/Sequences/20635_German.bin	4504
gametext/Sequences/20635_Italian.bin	4008
gametext/Sequences/20635_Spanish.bin	5920
gametext/Sequences/20661_German.bin	7888
gametext/Sequences/20661_Italian.bin	6916
gametext/Sequences/20661_Spanish.bin	7112
gametext/Sequences/20695_German.bin	2108
gametext/Sequences/20695_Italian.bin	1872
gametext/Sequences/20695_Spanish.bin	1936
gametext/Sequences/20696_German.bin	888
gametext/Sequences/20696_Italian.bin	1068
gametext/Sequences/20696_Spanish.bin	1236
gametext/Sequences/20700_English.bin	4652
gametext/Sequences/20700_French.bin	7556
gametext/Sequences/20700_German.bin	12208
gametext/Sequences/20700_Italian.bin	4924
gametext/Sequences/20700_Japanese.bin	25160
gametext/Sequences/20700_Spanish.bin	6636
gametext/Sequences/20863_French.bin	15016
gametext/Sequences/20863_German.bin	14956
gametext/Sequences/20863_Italian.bin	8480
gametext/Sequences/20863_Japanese.bin	34488
gametext/Sequences/20863_Spanish.bin	14852
gametext/Sequences/21151_German.bin	5112
gametext/Sequences/21151_Italian.bin	3784
gametext/Sequences/21151_Spanish.bin	5752
gametext/Sequences/21170_French.bin	3188
gametext/Sequences/21170_German.bin	3532
gametext/Sequences/21170_Italian.bin	2572
gametext/Sequences/21170_Spanish.bin	3016
gametext/Sequences/21181_German.bin	13272
gametext/Sequences/21181_Italian.bin	10956
gametext/Sequences/21181_Spanish.bin	13028
gametext/Sequences/21352_French.bin	1692
gametext/Sequences/21352_German.bin	1972
gametext/Sequences/21352_Italian.bin	1664
gametext/Sequences/21352_Spanish.bin	1216
gametext/Sequences/21_English.bin	5288
gametext/Sequences/21_French.bin	6192
gametext/Sequences/21_German.bin	6216
gametext/Sequences/21_Italian.bin	5140
gametext/Sequences/21_Japanese.bin	13544
gametext/Sequences/21_Spanish.bin	5612
gametext/Sequences/22_English.bin	3960
gametext/Sequences/22_French.bin	3828
gametext/Sequences/22_German.bin	4188
gametext/Sequences/22_Italian.bin	3844
gametext/Sequences/22_Japanese.bin	17680
gametext/Sequences/22_Spanish.bin	3568
gametext/Sequences/230_English.bin	7272
gametext/Sequences/230_French.bin	8100
gametext/Sequences/230_German.bin	12284
gametext/Sequences/230_Italian.bin	6416
gametext/Sequences/230_Japanese.bin	24812
gametext/Sequences/230_Spanish.bin	12024
gametext/Sequences/240_English.bin	4276
gametext/Sequences/240_French.bin	5848
gametext/Sequences/240_German.bin	4588
gametext/Sequences/240_Italian.bin	4068
gametext/Sequences/240_Japanese.bin	20252
gametext/Sequences/240_Spanish.bin	4528
gametext/Sequences/49_English.bin	1660
gametext/Sequences/49_French.bin	1836
gametext/Sequences/49_German.bin	1668
gametext/Sequences/49_Italian.bin	1840
gametext/Sequences/49_Japanese.bin	4228
gametext/Sequences/49_Spanish.bin	1908
gametext/Sequences/4_English.bin	988
gametext/Sequences/4_French.bin	992
gametext/Sequences/4_German.bin	1200
gametext/Sequences/4_Italian.bin	912
gametext/Sequences/4_Japanese.bin	648
gametext/Sequences/4_Spanish.bin	1136
gametext/Sequences/504_English.bin	3024
gametext/Sequences/504_French.bin	4712
gametext/Sequences/504_German.bin	4592
gametext/Sequences/504_Italian.bin	2500
gametext/Sequences/504_Japanese.bin	13380
gametext/Sequences/504_Spanish.bin	3204
gametext/Sequences/510_English.bin	3960
gametext/Sequences/510_French.bin	5936
gametext/Sequences/510_German.bin	4656
gametext/Sequences/510_Italian.bin	3724
gametext/Sequences/510_Japanese.bin	20180
gametext/Sequences/510_Spanish.bin	5600
gametext/Sequences/515_English.bin	4840
gametext/Sequences/515_French.bin	6668
gametext/Sequences/515_German.bin	5212
gametext/Sequences/515_Italian.bin	4952
gametext/Sequences/515_Japanese.bin	24368
gametext/Sequences/515_Spanish.bin	5236
gametext/Sequences/517_English.bin	7108
gametext/Sequences/517_French.bin	7060
gametext/Sequences/517_German.bin	11900
gametext/Sequences/517_Italian.bin	7148
gametext/Sequences/517_Japanese.bin	24464
gametext/Sequences/517_Spanish.bin	7284
gametext/Sequences/522_English.bin	3804
gametext/Sequences/522_French.bin	5136
gametext/Sequences/522_German.bin	4380
gametext/Sequences/522_Italian.bin	3500
gametext/Sequences/522_Japanese.bin	20000
gametext/Sequences/522_Spanish.bin	5508
gametext/Sequences/523_English.bin	6892
gametext/Sequences/523_French.bin	7144
gametext/Sequences/523_German.bin	11948
gametext/Sequences/523_Italian.bin	6968
gametext/Sequences/523_Japanese.bin	24784
gametext/Sequences/523_Spanish.bin	6736
gametext/Sequences/55_English.bin	3228
gametext/Sequences/55_French.bin	4068
gametext/Sequences/55_German.bin	3248
gametext/Sequences/55_Italian.bin	3260
gametext/Sequences/55_Japanese.bin	13440
gametext/Sequences/55_Spanish.bin	3848
gametext/Sequences/56_English.bin	2108
gametext/Sequences/56_French.bin	3016
gametext/Sequences/56_German.bin	2816
gametext/Sequences/56_Italian.bin	2124
gametext/Sequences/56_Japanese.bin	12544
gametext/Sequences/56_Spanish.bin	2192
gametext/Sequences/60_English.bin	2344
gametext/Sequences/60_French.bin	2016
gametext/Sequences/60_German.bin	2796
gametext/Sequences/60_Italian.bin	2340
gametext/Sequences/60_Japanese.bin	3860
gametext/Sequences/60_Spanish.bin	2664
gametext/Sequences/613_English.bin	2556
gametext/Sequences/613_French.bin	2336
gametext/Sequences/613_German.bin	2828
gametext/Sequences/613_Italian.bin	2416
gametext/Sequences/613_Japanese.bin	12808
gametext/Sequences/613_Spanish.bin	2976
gametext/Sequences/61_English.bin	2340
gametext/Sequences/61_French.bin	2120
gametext/Sequences/61_German.bin	2348
gametext/Sequences/61_Italian.bin	2044
gametext/Sequences/61_Japanese.bin	12960
gametext/Sequences/61_Spanish.bin	3216
gametext/Sequences/63_English.bin	4560
gametext/Sequences/63_French.bin	6284
gametext/Sequences/63_German.bin	5324
gametext/Sequences/63_Italian.bin	4648
gametext/Sequences/63_Japanese.bin	24764
gametext/Sequences/63_Spanish.bin	4344
gametext/Sequences/648_English.bin	4008
gametext/Sequences/648_French.bin	3944
gametext/Sequences/648_German.bin	4616
gametext/Sequences/648_Italian.bin	4108
gametext/Sequences/648_Japanese.bin	19688
gametext/Sequences/648_Spanish.bin	4628
gametext/Sequences/649_English.bin	2096
gametext/Sequences/649_French.bin	2408
gametext/Sequences/649_German.bin	2184
gametext/Sequences/649_Italian.bin	2404
gametext/Sequences/649_Japanese.bin	12796
gametext/Sequences/649_Spanish.bin	2248
gametext/Sequences/650_English.bin	2028
gametext/Sequences/650_French.bin	2208
gametext/Sequences/650_German.bin	2316
gametext/Sequences/650_Italian.bin	2180
gametext/Sequences/650_Japanese.bin	4804
gametext/Sequences/650_Spanish.bin	2132
gametext/Sequences/652_English.bin	2592
gametext/Sequences/652_French.bin	3164
gametext/Sequences/652_German.bin	2764
gametext/Sequences/652_Italian.bin	2204
gametext/Sequences/652_Japanese.bin	12832
gametext/Sequences/652_Spanish.bin	2208
gametext/Sequences/654_English.bin	3268
gametext/Sequences/654_French.bin	3164
gametext/Sequences/654_German.bin	3744
gametext/Sequences/654_Italian.bin	2736
gametext/Sequences/654_Japanese.bin	5228
gametext/Sequences/654_Spanish.bin	3376
gametext/Sequences/663_German.bin	8020
gametext/Sequences/663_Italian.bin	6028
gametext/Sequences/663_Spanish.bin	6432
gametext/Sequences/664_German.bin	3828
gametext/Sequences/664_Italian.bin	3628
gametext/Sequences/664_Spanish.bin	3756
gametext/Sequences/66_English.bin	4312
gametext/Sequences/66_French.bin	6908
gametext/Sequences/66_German.bin	5700
gametext/Sequences/66_Italian.bin	5984
gametext/Sequences/66_Japanese.bin	20132
gametext/Sequences/66_Spanish.bin	6292
gametext/Sequences/672_English.bin	2604
gametext/Sequences/672_French.bin	3048
gametext/Sequences/672_German.bin	3008
gametext/Sequences/672_Italian.bin	2444
gametext/Sequences/672_Japanese.bin	12644
gametext/Sequences/672_Spanish.bin	4100
gametext/Sequences/67_German.bin	2932
gametext/Sequences/67_Italian.bin	2508
gametext/Sequences/67_Spanish.bin	2544
gametext/Sequences/692_English.bin	4648
gametext/Sequences/692_French.bin	8052
gametext/Sequences/692_German.bin	7512
gametext/Sequences/692_Italian.bin	5176
gametext/Sequences/692_Japanese.bin	31516
gametext/Sequences/692_Spanish.bin	7320
gametext/Sequences/697_English.bin	3700
gametext/Sequences/697_French.bin	5664
gametext/Sequences/697_German.bin	4168
gametext/Sequences/697_Italian.bin	4124
gametext/Sequences/697_Japanese.bin	17632
gametext/Sequences/697_Spanish.bin	4192
gametext/Sequences/698_English.bin	3836
gametext/Sequences/698_French.bin	6628
gametext/Sequences/698_German.bin	6280
gametext/Sequences/698_Italian.bin	5792
gametext/Sequences/698_Japanese.bin	13724
gametext/Sequences/698_Spanish.bin	4396
gametext/Sequences/6_German.bin	6992
gametext/Sequences/6_Italian.bin	5796
gametext/Sequences/6_Spanish.bin	6512
gametext/Sequences/72_German.bin	4120
gametext/Sequences/72_Italian.bin	3632
gametext/Sequences/72_Spanish.bin	5336
gametext/Sequences/753_English.bin	2052
gametext/Sequences/753_French.bin	2388
gametext/Sequences/753_German.bin	1840
gametext/Sequences/753_Italian.bin	1616
gametext/Sequences/753_Japanese.bin	3864
gametext/Sequences/753_Spanish.bin	3144
gametext/Sequences/754_English.bin	2184
gametext/Sequences/754_French.bin	2260
gametext/Sequences/754_German.bin	2036
gametext/Sequences/754_Italian.bin	2056
gametext/Sequences/754_Japanese.bin	5628
gametext/Sequences/754_Spanish.bin	2388
gametext/Sequences/755_English.bin	7532
gametext/Sequences/755_French.bin	12916
gametext/Sequences/755_German.bin	12608
gametext/Sequences/755_Italian.bin	8196
gametext/Sequences/755_Japanese.bin	31756
gametext/Sequences/755_Spanish.bin	12600
gametext/Sequences/756_English.bin	1212
gametext/Sequences/756_French.bin	1560
gametext/Sequences/756_German.bin	1196
gametext/Sequences/756_Italian.bin	1372
gametext/Sequences/756_Japanese.bin	1364
gametext/Sequences/756_Spanish.bin	1396
gametext/Sequences/757_English.bin	3240
gametext/Sequences/757_French.bin	3296
gametext/Sequences/757_German.bin	3336
gametext/Sequences/757_Italian.bin	3012
gametext/Sequences/757_Japanese.bin	13408
gametext/Sequences/757_Spanish.bin	2932
gametext/Sequences/75_English.bin	5704
gametext/Sequences/75_French.bin	12772
gametext/Sequences/75_German.bin	8444
gametext/Sequences/75_Italian.bin	10420
gametext/Sequences/75_Japanese.bin	32268
gametext/Sequences/75_Spanish.bin	12588
gametext/Sequences/764_German.bin	6336
gametext/Sequences/764_Italian.bin	5820
gametext/Sequences/764_Spanish.bin	5904
gametext/Sequences/86_English.bin	5344
gametext/Sequences/86_French.bin	5576
gametext/Sequences/86_German.bin	4092
gametext/Sequences/86_Italian.bin	3256
gametext/Sequences/86_Japanese.bin	19828
gametext/Sequences/86_Spanish.bin	5832
gametext/Sequences/90_German.bin	2992
gametext/Sequences/90_Italian.bin	2620
gametext/Sequences/90_Spanish.bin	2836
gametext/Sequences/95_English.bin	4384
gametext/Sequences/95_French.bin	7644
gametext/Sequences/95_German.bin	5028
gametext/Sequences/95_Italian.bin	4736
gametext/Sequences/95_Japanese.bin	24364
gametext/Sequences/95_Spanish.bin	6696
gametext/Sequences/9_English.bin	2540
gametext/Sequences/9_French.bin	2984
gametext/Sequences/9_German.bin	2716
gametext/Sequences/9_Italian.bin	2612
gametext/Sequences/9_Japanese.bin	13064
gametext/Sequences/9_Spanish.bin	4144
goldplains.romlist.zlb	55
gpshrine.romlist.zlb	3264
greatfox.romlist.zlb	1408
greatfoxworld.romlist.zlb	55
hightop.romlist.zlb	64
hollow.romlist.zlb	24416
hollow2.romlist.zlb	4672
imspacecraft.romlist.zlb	288
insidegal.romlist.zlb	64
KamColumn.romlist.zlb	64
kamdrag.romlist.zlb	64
krashrin2.romlist.zlb	64
krazchamber.romlist.zlb	64
krazoapalace.romlist.zlb	1056
kraztest.romlist.zlb	10464
linka.romlist.zlb	224
linkb.romlist.zlb	3648
linkc.romlist.zlb	3488
linkd.romlist.zlb	832
linke.romlist.zlb	2880
linkf.romlist.zlb	6912
linkg.romlist.zlb	4128
linkh.romlist.zlb	4224
linki.romlist.zlb	928
linkj.romlist.zlb	3584
linklevel.romlist.zlb	160
magicave.romlist.zlb	2880
mazecave.romlist.zlb	1568
mikelava.romlist.zlb	64
mmshrine.romlist.zlb	3136
moonpass.romlist.zlb	23232
newicemount.romlist.zlb	16512
newicemount2.romlist.zlb	1280
newicemount3.romlist.zlb	1888
nwboulder.romlist.zlb	64
nwshcolpush.romlist.zlb	64
nwshrine.romlist.zlb	800
nwtreebridge.romlist.zlb	64
nwtreebridge2.romlist.zlb	64
opening.bnr	6496
openingEU.bnr	6496
openingJP.bnr	6496
openingUS.bnr	6496
savegame/save1.bin	3952
savegame/save2.bin	1772
savegame/save3.bin	1772
savegame/save4.bin	1772
savegame/save5.bin	1772
scstatue.romlist.zlb	96
shlily.romlist.zlb	64
snowmines.romlist.zlb	30912
snowmines2.romlist.zlb	18976
snowmines3.romlist.zlb	1920
snowmines4.romlist.zlb	128
snowmines5.romlist.zlb	64
streams/AN/an1301.adp	1441792
streams/AN/an1353.adp	491520
streams/AN/an1361.adp	4096000
streams/CC/caplight.adp	2162688
streams/CC/cc1276.adp	589824
streams/CC/cc169.adp	720896
streams/CC/cc206.adp	1114112
streams/CC/cc305.adp	360448
streams/CC/cc358.adp	327680
streams/CC/cc361.adp	229376
streams/CC/cc763.adp	393216
streams/CC/qincage.adp	917504
streams/CR/cr517.adp	1769472
streams/CR/cr518.adp	294912
streams/CR/cr862.adp	425984
streams/CRF/bpowRm.adp	425984
streams/CRF/crf1124.adp	360448
streams/CRF/crf1132.adp	1146880
streams/CRF/crf1143.adp	2129920
streams/CRF/crf1146.adp	1212416
streams/CRF/crf1156.adp	262144
streams/CRF/crf1260.adp	196608
streams/CRF/crf471.adp	2064384
streams/CRF/crf475.adp	819200
streams/CRF/crf65.adp	3670016
streams/CRF/crf68.adp	1179648
streams/CRF/crf69.adp	1081344
streams/CRF/crf728.adp	360448
streams/CRF/crf75.adp	1015808
streams/CRF/crf84.adp	229376
streams/CRF/crf87.adp	1048576
streams/CRF/quencld.adp	360448
streams/DB/db918.adp	2031616
streams/DB/db919.adp	1376256
streams/DFS/failed.adp	655360
streams/DFS/placespirit.adp	1671168
streams/DIM/bridge.adp	720896
streams/DIM/chest.adp	425984
streams/DIM/dim1330.adp	1376256
streams/DIM/dim1389.adp	294912
streams/DIM/dim348.adp	1769472
streams/DIM/dim349.adp	589824
streams/DIM/dim350.adp	720896
streams/DIM/dim351.adp	1507328
streams/DIM/dim406.adp	327680
streams/DIM/dim407.adp	327680
streams/DIM/dim408.adp	360448
streams/DIM/dim469.adp	720896
streams/DIM/dim578.adp	589824
streams/DIM/entermin.adp	491520
streams/DIM/feed.adp	1736704
streams/DIM/flame.adp	2031616
streams/DIM/foxgun.adp	1146880
streams/DIM/frees.adp	2064384
streams/DIM/hungmam2.adp	753664
streams/DIM/hungmam3.adp	491520
streams/DIM/hungmam4.adp	589824
streams/DIM/losttric.adp	393216
streams/DIM/meet.adp	4587520
streams/DIM/meltice.adp	1441792
streams/DIM/onbike.adp	229376
streams/DIM/platform.adp	425984
streams/DIM/rescue.adp	655360
streams/DIM/reunited.adp	1179648
streams/DIM/smashgat.adp	1540096
streams/DIM/startice.adp	786432
streams/DIM/vanished.adp	622592
streams/DR/ctalk1.adp	65536
streams/DR/ctalk2.adp	98304
streams/DR/ctalk3.adp	98304
streams/DR/dr1436.adp	2949120
streams/DR/dr804.adp	1769472
streams/DR/dr823.adp	1245184
streams/DR/dr824.adp	1277952
streams/DR/dr825.adp	1015808
streams/DR/dr826.adp	786432
streams/DR/dr858.adp	1277952
streams/DR/dr904.adp	720896
streams/DR/dr917.adp	655360
streams/DR/dr934.adp	163840
streams/GF/gf1258.adp	7208960
streams/GNR/gnr1423.adp	12124160
streams/GNR/gnr63.adp	786432
streams/GNR/gnrdeath.adp	327680
streams/GNR/gnrlife.adp	327680
streams/IM/im533.adp	425984
streams/IM/im535.adp	458752
streams/KP/failed.adp	655360
streams/KP/foxown.adp	1277952
streams/KP/kp1270.adp	1146880
streams/KP/kp1271.adp	7077888
streams/KP/kp1318.adp	819200
streams/KP/kp1319.adp	557056
streams/KP/kp1320.adp	622592
streams/KP/kp1401.adp	1376256
streams/KP/kp266.adp	3342336
streams/KP/kp328.adp	884736
streams/KP/kp330.adp	3899392
streams/KP/kp737.adp	262144
streams/KP/shebeaut.adp	3145728
streams/LV/ctotem.adp	1114112
streams/LV/lcapture.adp	1572864
streams/LV/lstrength.adp	655360
streams/LV/luntie.adp	1507328
streams/LV/lv116.adp	589824
streams/LV/lv1331.adp	229376
streams/LV/lv1419.adp	393216
streams/LV/lv765.adp	884736
streams/LV/mommyrescue1.adp	262144
streams/LV/mommyrescue2.adp	196608
streams/LV/mommyrescue3.adp	196608
streams/LV/opmound.adp	688128
streams/LV/strength.adp	950272
streams/LV/totem.adp	589824
streams/LV/ttest.adp	3604480
streams/LV/wstrength.adp	851968
streams/MAP/brief13.adp	688128
streams/MAP/brief14.adp	851968
streams/MAP/brief15.adp	983040
streams/MAP/brief16.adp	786432
streams/MAP/brief17.adp	524288
streams/MMP/cometokp.adp	1507328
streams/MMP/mmp1159.adp	5832704
streams/MMP/mmp964.adp	1015808
streams/OFP/ofp1180.adp	2916352
streams/OFP/ofp1199.adp	589824
streams/OFP/ofp1410.adp	524288
streams/OFP/ofp1477.adp	1179648
streams/OFP/ofp846.adp	851968
streams/OFP/ofp882.adp	491520
streams/OFP/ofp953.adp	229376
streams/SW/getfrost.adp	1507328
streams/SW/heelcomm.adp	819200
streams/SW/shw1413.adp	163840
streams/SW/shw1414.adp	131072
streams/SW/shw1415.adp	196608
streams/SW/shw39.adp	1540096
streams/SW/shw94.adp	294912
streams/SW/tree2.adp	425984
streams/SW/treefall.adp	491520
streams/TREX/intro.adp	1966080
streams/TTH/beaclit.adp	1179648
streams/TTH/bloopded.adp	950272
streams/TTH/BloopFai.adp	393216
streams/TTH/crazth1.adp	950272
streams/TTH/crazth2.adp	458752
streams/TTH/fathgate.adp	3309568
streams/TTH/retwall.adp	1605632
streams/TTH/tth11.adp	393216
streams/TTH/tth128.adp	1277952
streams/TTH/tth1393.adp	1146880
streams/TTH/tth1422.adp	327680
streams/TTH/tth226.adp	229376
streams/TTH/tth227.adp	1015808
streams/TTH/tth243.adp	163840
streams/TTH/tth30.adp	1998848
streams/TTH/tth31.adp	4653056
streams/TTH/tth507.adp	393216
streams/TTH/tth73.adp	622592
streams/TTH/wellintr.adp	884736
streams/VFP/vfp1177.adp	2654208
streams/VFP/vfp1218.adp	557056
streams/VFP/vfp1409.adp	557056
streams/VFP/vfp1426.adp	491520
streams/VFP/vfp1429.adp	425984
streams/VFP/vfp709.adp	589824
streams/WC/tricbye1.adp	196608
streams/WC/tricbye2.adp	163840
streams/WC/wc10a.adp	131072
streams/WC/wc10b.adp	294912
streams/WC/wc10c.adp	262144
streams/WC/wc10d.adp	163840
streams/WC/wc10e.adp	163840
streams/WC/wc10f.adp	163840
streams/WC/wc1296.adp	1277952
streams/WC/wc1342.adp	2555904
streams/WC/wc1343.adp	163840
streams/WC/wc1344.adp	196608
streams/WC/wc1345.adp	131072
streams/WC/wc1346.adp	229376
streams/WC/wc1348.adp	2883584
streams/WC/wc1434.adp	2555904
streams/WC/wc1437.adp	229376
streams/WC/wc1438.adp	163840
streams/WC/wc1439.adp	196608
streams/WC/wc1440.adp	196608
streams/WC/wc1441.adp	229376
streams/WC/wc1442.adp	163840
streams/WC/wc1443.adp	262144
streams/WC/wc1444.adp	196608
streams/WC/wc1445.adp	196608
streams/WC/wc1446.adp	196608
streams/WC/wc1447.adp	262144
streams/WC/wc1448.adp	229376
streams/WC/wc1449.adp	196608
streams/WC/wc1450.adp	327680
streams/WC/wc1457.adp	360448
streams/WC/wc1458.adp	229376
streams/WC/wc1459.adp	262144
streams/WC/wc1460.adp	262144
streams/WC/wc1461.adp	163840
streams/WC/wc1462.adp	163840
streams/WC/wc1463.adp	196608
streams/WC/wc1464.adp	294912
streams/WC/wc1465.adp	229376
streams/WC/wc1466.adp	327680
streams/WC/wc1469.adp	393216
streams/WC/wc1470.adp	229376
streams/WC/wc1471.adp	425984
streams/WC/wc1472.adp	229376
streams/WC/wc372.adp	425984
streams/WC/wc974.adp	425984
streams/WC/wc977.adp	425984
streams/WC/wc979.adp	458752
swapcircle.romlist.zlb	21344
swapstore.romlist.zlb	2880
temple.romlist.zlb	23424
trexboss.romlist.zlb	7200
vfppushblock.romlist.zlb	96
vfpslide1.romlist.zlb	64
vfpslide2.romlist.zlb	96
wallcity.romlist.zlb	28576
warlock.romlist.zlb	14048
wastes.romlist.zlb	26208
wcbouncycrate.romlist.zlb	64
wcpushblock.romlist.zlb	64
wctemplelift.romlist.zlb	64
wgshrine.romlist.zlb	992
willow.romlist.zlb	64
wmcolrise.romlist.zlb	64
wminsert.romlist.zlb	128
